{"cameraMode":{"drawMode":0,"name":"Shaded","section":"Shading Mode"},"sceneLighting":false,"audioPlay":false,"sceneViewState":{"m_AlwaysRefresh":false,"showFog":true,"showSkybox":false,"showFlares":true,"showImageEffects":true,"showParticleSystems":true,"showVisualEffectGraphs":true,"m_FxEnabled":false},"in2DMode":false,"pivot":{"x":3.454148530960083,"y":-13.965235710144043,"z":-24.041467666625978},"rotation":{"x":-0.019034426659345628,"y":-0.9620620012283325,"z":0.2631813883781433,"w":-0.07026062160730362},"size":14.872575759887696,"orthographic":false}