{"cameraMode":{"drawMode":0,"name":"Shaded","section":"Shading Mode"},"sceneLighting":false,"audioPlay":false,"sceneViewState":{"m_AlwaysRefresh":false,"showFog":true,"showSkybox":false,"showFlares":true,"showImageEffects":true,"showParticleSystems":true,"showVisualEffectGraphs":true,"m_FxEnabled":false},"in2DMode":false,"pivot":{"x":1.1189128160476685,"y":-7.279397487640381,"z":-26.259628295898439},"rotation":{"x":-0.0012400617124512792,"y":-0.9896643161773682,"z":0.1435200721025467,"w":-0.00977654755115509},"size":16.044889450073243,"orthographic":false}