{"cameraMode":{"drawMode":0,"name":"Shaded","section":"Shading Mode"},"sceneLighting":true,"audioPlay":false,"sceneViewState":{"m_AlwaysRefresh":false,"showFog":true,"showSkybox":true,"showFlares":true,"showImageEffects":true,"showParticleSystems":true,"showVisualEffectGraphs":true,"m_FxEnabled":false},"in2DMode":false,"pivot":{"x":170.93223571777345,"y":652.755126953125,"z":31.222946166992189},"rotation":{"x":0.43014007806777956,"y":-0.0020188933704048397,"z":-0.0014928419841453434,"w":-0.9029295444488525},"size":112.46527099609375,"orthographic":false}