{"cameraMode":{"drawMode":0,"name":"Shaded","section":"Shading Mode"},"sceneLighting":true,"audioPlay":false,"sceneViewState":{"m_AlwaysRefresh":false,"showFog":true,"showSkybox":true,"showFlares":true,"showImageEffects":true,"showParticleSystems":true,"showVisualEffectGraphs":true,"m_FxEnabled":false},"in2DMode":false,"pivot":{"x":-4.799257755279541,"y":-1.1918132305145264,"z":20.68905258178711},"rotation":{"x":-0.09131752699613571,"y":0.041561223566532138,"z":-0.003439547261223197,"w":-0.9950539469718933},"size":11.411661148071289,"orthographic":false}