{"cameraMode":{"drawMode":0,"name":"Shaded","section":"Shading Mode"},"sceneLighting":true,"audioPlay":false,"sceneViewState":{"m_AlwaysRefresh":false,"showFog":true,"showSkybox":true,"showFlares":true,"showImageEffects":true,"showParticleSystems":true,"showVisualEffectGraphs":true,"m_FxEnabled":false},"in2DMode":false,"pivot":{"x":-30.730764389038087,"y":-28.15427017211914,"z":120.63856506347656},"rotation":{"x":0.12137915194034577,"y":-0.11435128003358841,"z":0.013269943185150624,"w":0.9859762787818909},"size":70.89371490478516,"orthographic":false}