{"cameraMode":{"drawMode":0,"name":"Shaded","section":"Shading Mode"},"sceneLighting":true,"audioPlay":false,"sceneViewState":{"m_AlwaysRefresh":false,"showFog":true,"showSkybox":true,"showFlares":true,"showImageEffects":true,"showParticleSystems":true,"showVisualEffectGraphs":true,"m_FxEnabled":false},"in2DMode":false,"pivot":{"x":538.480712890625,"y":1237.740478515625,"z":-1080.3719482421875},"rotation":{"x":0.13585330545902253,"y":0.055798228830099109,"z":0.0077684372663497929,"w":-0.9892247915267944},"size":2.5393190383911135,"orthographic":false}