{"cameraMode":{"drawMode":0,"name":"Shaded","section":"Shading Mode"},"sceneLighting":true,"audioPlay":false,"sceneViewState":{"m_AlwaysRefresh":false,"showFog":true,"showSkybox":true,"showFlares":true,"showImageEffects":true,"showParticleSystems":true,"showVisualEffectGraphs":true,"m_FxEnabled":false},"in2DMode":false,"pivot":{"x":-6.877379417419434,"y":-12.797820091247559,"z":30.557518005371095},"rotation":{"x":0.18142135441303254,"y":-0.07868607342243195,"z":0.014503413811326027,"w":0.9801890850067139},"size":22.951717376708986,"orthographic":false}