{"cameraMode":{"drawMode":0,"name":"Shaded","section":"Shading Mode"},"sceneLighting":true,"audioPlay":false,"sceneViewState":{"m_AlwaysRefresh":false,"showFog":true,"showSkybox":true,"showFlares":true,"showImageEffects":true,"showParticleSystems":true,"showVisualEffectGraphs":true,"m_FxEnabled":false},"in2DMode":false,"pivot":{"x":1.5969085693359376,"y":10.07040023803711,"z":1.1639862060546876},"rotation":{"x":0.39248064160346987,"y":0.18056266009807588,"z":-0.07885678857564926,"w":0.8983399271965027},"size":7.812478542327881,"orthographic":false}