{"cameraMode":{"drawMode":0,"name":"Shaded","section":"Shading Mode"},"sceneLighting":true,"audioPlay":false,"sceneViewState":{"m_AlwaysRefresh":false,"showFog":true,"showSkybox":true,"showFlares":true,"showImageEffects":true,"showParticleSystems":true,"showVisualEffectGraphs":true,"m_FxEnabled":false},"in2DMode":false,"pivot":{"x":-0.29807281494140627,"y":8.833720207214356,"z":2.9949426651000978},"rotation":{"x":0.16720950603485108,"y":0.026189254596829416,"z":-0.0036505614407360555,"w":0.9856918454170227},"size":5.6095757484436039,"orthographic":false}