{"cameraMode":{"drawMode":0,"name":"Shaded","section":"Shading Mode"},"sceneLighting":true,"audioPlay":false,"sceneViewState":{"m_AlwaysRefresh":false,"showFog":true,"showSkybox":true,"showFlares":true,"showImageEffects":true,"showParticleSystems":true,"showVisualEffectGraphs":true,"m_FxEnabled":false},"in2DMode":false,"pivot":{"x":53.33407211303711,"y":-27.072248458862306,"z":120.36748504638672},"rotation":{"x":0.10752587020397186,"y":0.2180262953042984,"z":-0.024031780660152437,"w":0.9697502851486206},"size":70.89371490478516,"orthographic":false}