{"cameraMode":{"drawMode":0,"name":"Shaded","section":"Shading Mode"},"sceneLighting":true,"audioPlay":false,"sceneViewState":{"m_AlwaysRefresh":false,"showFog":true,"showSkybox":true,"showFlares":true,"showImageEffects":true,"showParticleSystems":true,"showVisualEffectGraphs":true,"m_FxEnabled":false},"in2DMode":false,"pivot":{"x":294.2082824707031,"y":32.372947692871097,"z":-109.45948791503906},"rotation":{"x":0.03415155038237572,"y":-0.4818249046802521,"z":-0.018786532804369928,"w":-0.8754568099975586},"size":5.221521854400635,"orthographic":false}