{"cameraMode":{"drawMode":0,"name":"Shaded","section":"Shading Mode"},"sceneLighting":true,"audioPlay":false,"sceneViewState":{"m_AlwaysRefresh":false,"showFog":true,"showSkybox":true,"showFlares":true,"showImageEffects":true,"showParticleSystems":true,"showVisualEffectGraphs":true,"m_FxEnabled":false},"in2DMode":false,"pivot":{"x":12.367476463317871,"y":-57.199729919433597,"z":-122.31200408935547},"rotation":{"x":0.010679981671273709,"y":0.9762745499610901,"z":-0.21054834127426148,"w":0.0507100448012352},"size":70.89371490478516,"orthographic":false}