{"cameraMode":{"drawMode":0,"name":"Shaded","section":"Shading Mode"},"sceneLighting":true,"audioPlay":false,"sceneViewState":{"m_AlwaysRefresh":false,"showFog":true,"showSkybox":true,"showFlares":true,"showImageEffects":true,"showParticleSystems":true,"showVisualEffectGraphs":true,"m_FxEnabled":false},"in2DMode":false,"pivot":{"x":27.894834518432618,"y":1204.4310302734375,"z":237.32603454589845},"rotation":{"x":-0.4645763635635376,"y":0.08054276555776596,"z":0.04144895821809769,"w":0.8812419176101685},"size":1341.61474609375,"orthographic":false}