{"cameraMode":{"drawMode":0,"name":"Shaded","section":"Shading Mode"},"sceneLighting":true,"audioPlay":false,"sceneViewState":{"m_AlwaysRefresh":false,"showFog":true,"showSkybox":true,"showFlares":true,"showImageEffects":true,"showParticleSystems":true,"showVisualEffectGraphs":true,"m_FxEnabled":false},"in2DMode":false,"pivot":{"x":-0.32106634974479678,"y":-2.057088613510132,"z":-2.8640494346618654},"rotation":{"x":0.3362904191017151,"y":-0.21268582344055177,"z":0.07821498066186905,"w":0.9141198992729187},"size":6.559638500213623,"orthographic":false}