{"cameraMode":{"drawMode":0,"name":"Shaded","section":"Shading Mode"},"sceneLighting":true,"audioPlay":false,"sceneViewState":{"m_AlwaysRefresh":false,"showFog":true,"showSkybox":true,"showFlares":true,"showImageEffects":true,"showParticleSystems":true,"showVisualEffectGraphs":true,"m_FxEnabled":false},"in2DMode":false,"pivot":{"x":-27.536060333251954,"y":-7.587335586547852,"z":127.16766357421875},"rotation":{"x":-0.048651617020368579,"y":0.0960138589143753,"z":-0.0047120931558310989,"w":-0.9941915273666382},"size":70.71067810058594,"orthographic":false}