{"cameraMode":{"drawMode":0,"name":"Shaded","section":"Shading Mode"},"sceneLighting":true,"audioPlay":false,"sceneViewState":{"m_AlwaysRefresh":false,"showFog":true,"showSkybox":true,"showFlares":true,"showImageEffects":true,"showParticleSystems":true,"showVisualEffectGraphs":true,"m_FxEnabled":false},"in2DMode":false,"pivot":{"x":0.6581017971038818,"y":3.6999998092651369,"z":-4.800000190734863},"rotation":{"x":-0.13749073445796967,"y":-0.7350435256958008,"z":0.15599021315574647,"w":-0.6456249356269836},"size":0.8470556139945984,"orthographic":false}