{"cameraMode":{"drawMode":0,"name":"Shaded","section":"Shading Mode"},"sceneLighting":true,"audioPlay":false,"sceneViewState":{"m_AlwaysRefresh":false,"showFog":true,"showSkybox":true,"showFlares":true,"showImageEffects":true,"showParticleSystems":true,"showVisualEffectGraphs":true,"m_FxEnabled":false},"in2DMode":false,"pivot":{"x":0.761207103729248,"y":-50.291717529296878,"z":133.8822784423828},"rotation":{"x":0.20641791820526124,"y":0.00410074507817626,"z":-0.001313987304456532,"w":0.9785323739051819},"size":70.89371490478516,"orthographic":false}