{"cameraMode":{"drawMode":0,"name":"Shaded","section":"Shading Mode"},"sceneLighting":true,"audioPlay":false,"sceneViewState":{"m_AlwaysRefresh":false,"showFog":true,"showSkybox":true,"showFlares":true,"showImageEffects":true,"showParticleSystems":true,"showVisualEffectGraphs":true,"m_FxEnabled":false},"in2DMode":false,"pivot":{"x":429.5489501953125,"y":1366.876220703125,"z":-1931.7908935546875},"rotation":{"x":-0.015014291740953923,"y":-0.006626494228839874,"z":0.0000966500592767261,"w":-0.9999158978462219},"size":5.221521854400635,"orthographic":false}