{"cameraMode":{"drawMode":0,"name":"Shaded","section":"Shading Mode"},"sceneLighting":true,"audioPlay":false,"sceneViewState":{"m_AlwaysRefresh":false,"showFog":true,"showSkybox":true,"showFlares":true,"showImageEffects":true,"showParticleSystems":true,"showVisualEffectGraphs":true,"m_FxEnabled":false},"in2DMode":false,"pivot":{"x":0.1730767786502838,"y":1.8714535236358643,"z":-2.8233470916748049},"rotation":{"x":0.2204844355583191,"y":0.07015815377235413,"z":-0.015905030071735383,"w":0.9727399349212647},"size":3.7700352668762209,"orthographic":false}