{"cameraMode":{"drawMode":0,"name":"Shaded","section":"Shading Mode"},"sceneLighting":true,"audioPlay":false,"sceneViewState":{"m_AlwaysRefresh":false,"showFog":true,"showSkybox":true,"showFlares":true,"showImageEffects":true,"showParticleSystems":true,"showVisualEffectGraphs":true,"m_FxEnabled":false},"in2DMode":false,"pivot":{"x":1.5809332132339478,"y":-6.130126476287842,"z":-1.9140760898590088},"rotation":{"x":0.38353756070137026,"y":0.06490406394004822,"z":-0.025945741683244706,"w":0.9210225939750671},"size":5.57556676864624,"orthographic":false}