{"cameraMode":{"drawMode":0,"name":"Shaded","section":"Shading Mode"},"sceneLighting":true,"audioPlay":false,"sceneViewState":{"m_AlwaysRefresh":false,"showFog":true,"showSkybox":true,"showFlares":true,"showImageEffects":true,"showParticleSystems":true,"showVisualEffectGraphs":true,"m_FxEnabled":false},"in2DMode":false,"pivot":{"x":1.093573808670044,"y":4.318552017211914,"z":-12.562440872192383},"rotation":{"x":-0.11759266257286072,"y":-0.03974078968167305,"z":0.004203588701784611,"w":-0.9924079775810242},"size":0.015968183055520059,"orthographic":false}