{"cameraMode":{"drawMode":0,"name":"Shaded","section":"Shading Mode"},"sceneLighting":true,"audioPlay":false,"sceneViewState":{"m_AlwaysRefresh":false,"showFog":true,"showSkybox":true,"showFlares":true,"showImageEffects":true,"showParticleSystems":true,"showVisualEffectGraphs":true,"m_FxEnabled":false},"in2DMode":false,"pivot":{"x":-0.06373310089111328,"y":0.000023628119379281998,"z":-7.909378528594971},"rotation":{"x":-0.2928211987018585,"y":-0.46444737911224368,"z":0.16536973416805268,"w":-0.8194474577903748},"size":0.015968183055520059,"orthographic":false}