{"cameraMode":{"drawMode":0,"name":"Shaded","section":"Shading Mode"},"sceneLighting":true,"audioPlay":false,"sceneViewState":{"m_AlwaysRefresh":false,"showFog":true,"showSkybox":true,"showFlares":true,"showImageEffects":true,"showParticleSystems":true,"showVisualEffectGraphs":true,"m_FxEnabled":false},"in2DMode":false,"pivot":{"x":1.0551270246505738,"y":-0.5353214740753174,"z":24.98802947998047},"rotation":{"x":0.08093764632940293,"y":0.02374396286904812,"z":-0.0009469117503613234,"w":0.9965538382530212},"size":12.124356269836426,"orthographic":false}