{"cameraMode":{"drawMode":0,"name":"Shaded","section":"Shading Mode"},"sceneLighting":true,"audioPlay":false,"sceneViewState":{"m_AlwaysRefresh":false,"showFog":true,"showSkybox":true,"showFlares":true,"showImageEffects":true,"showParticleSystems":true,"showVisualEffectGraphs":true,"m_FxEnabled":false},"in2DMode":false,"pivot":{"x":456.53643798828127,"y":831.0925903320313,"z":40.1973876953125},"rotation":{"x":-0.050971150398254397,"y":-0.015252645127475262,"z":0.0011278175516054035,"w":-0.9986968636512756},"size":546.4564819335938,"orthographic":false}