{"cameraMode":{"drawMode":0,"name":"Shaded","section":"Shading Mode"},"sceneLighting":true,"audioPlay":false,"sceneViewState":{"m_AlwaysRefresh":false,"showFog":true,"showSkybox":true,"showFlares":true,"showImageEffects":true,"showParticleSystems":true,"showVisualEffectGraphs":true,"m_FxEnabled":false},"in2DMode":false,"pivot":{"x":-0.5655871629714966,"y":11.676337242126465,"z":-4.3845367431640629},"rotation":{"x":-0.3242063522338867,"y":0.06152242422103882,"z":-0.021136609837412835,"w":-0.9437513947486877},"size":1.126173973083496,"orthographic":false}