{"cameraMode":{"drawMode":0,"name":"Shaded","section":"Shading Mode"},"sceneLighting":true,"audioPlay":false,"sceneViewState":{"m_AlwaysRefresh":false,"showFog":true,"showSkybox":true,"showFlares":true,"showImageEffects":true,"showParticleSystems":true,"showVisualEffectGraphs":true,"m_FxEnabled":false},"in2DMode":false,"pivot":{"x":1.2131463289260865,"y":-0.37333524227142336,"z":0.13434888422489167},"rotation":{"x":0.16378870606422425,"y":0.07510335743427277,"z":-0.01256854459643364,"w":0.9835793972015381},"size":3.1722218990325929,"orthographic":false}