{"cameraMode":{"drawMode":0,"name":"Shaded","section":"Shading Mode"},"sceneLighting":true,"audioPlay":false,"sceneViewState":{"m_AlwaysRefresh":false,"showFog":true,"showSkybox":true,"showFlares":true,"showImageEffects":true,"showParticleSystems":true,"showVisualEffectGraphs":true,"m_FxEnabled":false},"in2DMode":false,"pivot":{"x":0.18017147481441499,"y":-3.4938015937805177,"z":5.686707019805908},"rotation":{"x":0.19877181947231294,"y":0.09792759269475937,"z":-0.01914755254983902,"w":0.9750845432281494},"size":7.633857250213623,"orthographic":false}