{"cameraMode":{"drawMode":0,"name":"Shaded","section":"Shading Mode"},"sceneLighting":true,"audioPlay":false,"sceneViewState":{"m_AlwaysRefresh":false,"showFog":true,"showSkybox":true,"showFlares":true,"showImageEffects":true,"showParticleSystems":true,"showVisualEffectGraphs":true,"m_FxEnabled":false},"in2DMode":false,"pivot":{"x":258.3351135253906,"y":151.48907470703126,"z":-163.8360595703125},"rotation":{"x":-0.047960419207811359,"y":-0.025742605328559877,"z":0.0015835383674129844,"w":-0.998629093170166},"size":676.469970703125,"orthographic":false}