{"cameraMode":{"drawMode":0,"name":"Shaded","section":"Shading Mode"},"sceneLighting":true,"audioPlay":false,"sceneViewState":{"m_AlwaysRefresh":false,"showFog":true,"showSkybox":true,"showFlares":true,"showImageEffects":true,"showParticleSystems":true,"showVisualEffectGraphs":true,"m_FxEnabled":false},"in2DMode":false,"pivot":{"x":114.54521179199219,"y":-15.427852630615235,"z":102.68830108642578},"rotation":{"x":-0.05791369080543518,"y":-0.4007788896560669,"z":0.024757906794548036,"w":-0.9141311049461365},"size":81.39410400390625,"orthographic":false}