{"cameraMode":{"drawMode":0,"name":"Shaded","section":"Shading Mode"},"sceneLighting":true,"audioPlay":false,"sceneViewState":{"m_AlwaysRefresh":false,"showFog":true,"showSkybox":true,"showFlares":true,"showImageEffects":true,"showParticleSystems":true,"showVisualEffectGraphs":true,"m_FxEnabled":false},"in2DMode":false,"pivot":{"x":0.1634119153022766,"y":3.7813291549682619,"z":-10.862127304077149},"rotation":{"x":0.33845528960227969,"y":-0.015243391506373883,"z":0.005455091595649719,"w":0.9408721923828125},"size":0.8660253882408142,"orthographic":false}