{"cameraMode":{"drawMode":0,"name":"Shaded","section":"Shading Mode"},"sceneLighting":true,"audioPlay":false,"sceneViewState":{"m_AlwaysRefresh":false,"showFog":true,"showSkybox":true,"showFlares":true,"showImageEffects":true,"showParticleSystems":true,"showVisualEffectGraphs":true,"m_FxEnabled":false},"in2DMode":false,"pivot":{"x":-2.5782508850097658,"y":3.8253371715545656,"z":7.498112678527832},"rotation":{"x":-0.040718164294958118,"y":-0.13413244485855103,"z":-0.005500547122210264,"w":0.990074634552002},"size":7.154120445251465,"orthographic":false}