{"cameraMode":{"drawMode":0,"name":"Shaded","section":"Shading Mode"},"sceneLighting":true,"audioPlay":false,"sceneViewState":{"m_AlwaysRefresh":false,"showFog":true,"showSkybox":true,"showFlares":true,"showImageEffects":true,"showParticleSystems":true,"showVisualEffectGraphs":true,"m_FxEnabled":false},"in2DMode":false,"pivot":{"x":-0.2690698504447937,"y":1.6624699831008912,"z":-7.658008575439453},"rotation":{"x":0.2623904049396515,"y":-0.013296833261847496,"z":0.0036108025815337898,"w":0.9649050831794739},"size":2.165066719055176,"orthographic":false}