{"cameraMode":{"drawMode":0,"name":"Shaded","section":"Shading Mode"},"sceneLighting":true,"audioPlay":false,"sceneViewState":{"m_AlwaysRefresh":false,"showFog":true,"showSkybox":true,"showFlares":true,"showImageEffects":true,"showParticleSystems":true,"showVisualEffectGraphs":true,"m_FxEnabled":false},"in2DMode":false,"pivot":{"x":2.0218236446380617,"y":2.681180953979492,"z":23.11477279663086},"rotation":{"x":0.018969200551509858,"y":-0.03235777094960213,"z":-0.000978477648459375,"w":0.9996445775032044},"size":13.022601127624512,"orthographic":false}