{"cameraMode":{"drawMode":0,"name":"Shaded","section":"Shading Mode"},"sceneLighting":true,"audioPlay":false,"sceneViewState":{"m_AlwaysRefresh":false,"showFog":true,"showSkybox":true,"showFlares":true,"showImageEffects":true,"showParticleSystems":true,"showVisualEffectGraphs":true,"m_FxEnabled":false},"in2DMode":false,"pivot":{"x":2.4541144371032717,"y":13.356919288635254,"z":3.727982521057129},"rotation":{"x":0.26697996258735659,"y":0.18253086507320405,"z":-0.0515596978366375,"w":0.9447879791259766},"size":7.812478542327881,"orthographic":false}