{"cameraMode":{"drawMode":0,"name":"Shaded","section":"Shading Mode"},"sceneLighting":false,"audioPlay":false,"sceneViewState":{"m_AlwaysRefresh":false,"showFog":true,"showSkybox":false,"showFlares":true,"showImageEffects":true,"showParticleSystems":true,"showVisualEffectGraphs":true,"m_FxEnabled":false},"in2DMode":false,"pivot":{"x":-0.28015193343162539,"y":1.0860356092453004,"z":0.9556337594985962},"rotation":{"x":-0.0915716141462326,"y":0.9022793173789978,"z":-0.22828730940818788,"w":-0.35512682795524599},"size":1.6670868396759034,"orthographic":false}