{"cameraMode":{"drawMode":0,"name":"Shaded","section":"Shading Mode"},"sceneLighting":false,"audioPlay":false,"sceneViewState":{"m_AlwaysRefresh":false,"showFog":true,"showSkybox":false,"showFlares":true,"showImageEffects":true,"showParticleSystems":true,"showVisualEffectGraphs":true,"m_FxEnabled":false},"in2DMode":false,"pivot":{"x":468.57220458984377,"y":1071.2481689453125,"z":29.334640502929689},"rotation":{"x":-0.2084760069847107,"y":-0.006099341902881861,"z":0.0015618458855897189,"w":-0.978121280670166},"size":195.5446319580078,"orthographic":false}