{"cameraMode":{"drawMode":0,"name":"Shaded","section":"Shading Mode"},"sceneLighting":false,"audioPlay":false,"sceneViewState":{"m_AlwaysRefresh":false,"showFog":true,"showSkybox":false,"showFlares":true,"showImageEffects":true,"showParticleSystems":true,"showVisualEffectGraphs":true,"m_FxEnabled":false},"in2DMode":false,"pivot":{"x":0.1743074208498001,"y":0.11873846501111984,"z":0.2572879493236542},"rotation":{"x":0.2545471787452698,"y":0.21255849301815034,"z":-0.05747256800532341,"w":0.9417001605033875},"size":0.8660256266593933,"orthographic":false}