{"cameraMode":{"drawMode":0,"name":"Shaded","section":"Shading Mode"},"sceneLighting":false,"audioPlay":false,"sceneViewState":{"m_AlwaysRefresh":false,"showFog":true,"showSkybox":false,"showFlares":true,"showImageEffects":true,"showParticleSystems":true,"showVisualEffectGraphs":true,"m_FxEnabled":false},"in2DMode":false,"pivot":{"x":-0.1479240357875824,"y":0.23625361919403077,"z":0.1190190315246582},"rotation":{"x":0.04196532443165779,"y":-0.03296520188450813,"z":0.0013857224257662893,"w":0.9985788464546204},"size":0.8660287261009216,"orthographic":false}