{"cameraMode":{"drawMode":0,"name":"Shaded","section":"Shading Mode"},"sceneLighting":false,"audioPlay":false,"sceneViewState":{"m_AlwaysRefresh":false,"showFog":true,"showSkybox":false,"showFlares":true,"showImageEffects":true,"showParticleSystems":true,"showVisualEffectGraphs":true,"m_FxEnabled":false},"in2DMode":false,"pivot":{"x":-0.18955208361148835,"y":1.0518721342086793,"z":-4.576778411865234},"rotation":{"x":0.1513398289680481,"y":0.12377791851758957,"z":-0.01829112134873867,"w":0.9806619882583618},"size":0.6062177419662476,"orthographic":false}