{"cameraMode":{"drawMode":0,"name":"Shaded","section":"Shading Mode"},"sceneLighting":false,"audioPlay":false,"sceneViewState":{"m_AlwaysRefresh":false,"showFog":true,"showSkybox":false,"showFlares":true,"showImageEffects":true,"showParticleSystems":true,"showVisualEffectGraphs":true,"m_FxEnabled":false},"in2DMode":false,"pivot":{"x":-0.2832503318786621,"y":1.2266037464141846,"z":-4.861656665802002},"rotation":{"x":0.23892226815223695,"y":0.21886004507541657,"z":-0.05436566099524498,"w":0.9446278214454651},"size":0.6062177419662476,"orthographic":false}