{"cameraMode":{"drawMode":0,"name":"Shaded","section":"Shading Mode"},"sceneLighting":false,"audioPlay":false,"sceneViewState":{"m_AlwaysRefresh":false,"showFog":true,"showSkybox":false,"showFlares":true,"showImageEffects":true,"showParticleSystems":true,"showVisualEffectGraphs":true,"m_FxEnabled":false},"in2DMode":false,"pivot":{"x":-0.5144372582435608,"y":-0.3839237093925476,"z":0.5399352312088013},"rotation":{"x":0.4227674901485443,"y":-0.004879847168922424,"z":0.0022845566272735597,"w":0.9062316417694092},"size":0.8660253882408142,"orthographic":false}