{"cameraMode":{"drawMode":0,"name":"Shaded","section":"Shading Mode"},"sceneLighting":false,"audioPlay":false,"sceneViewState":{"m_AlwaysRefresh":false,"showFog":true,"showSkybox":false,"showFlares":true,"showImageEffects":true,"showParticleSystems":true,"showVisualEffectGraphs":true,"m_FxEnabled":false},"in2DMode":false,"pivot":{"x":0.21016748249530793,"y":-0.16134510934352876,"z":-0.08956606686115265},"rotation":{"x":0.07070743292570114,"y":0.9229713678359985,"z":-0.20542551577091218,"w":0.3176884651184082},"size":0.8660253882408142,"orthographic":false}