{"cameraMode":{"drawMode":0,"name":"Shaded","section":"Shading Mode"},"sceneLighting":false,"audioPlay":false,"sceneViewState":{"m_AlwaysRefresh":false,"showFog":true,"showSkybox":false,"showFlares":true,"showImageEffects":true,"showParticleSystems":true,"showVisualEffectGraphs":true,"m_FxEnabled":false},"in2DMode":false,"pivot":{"x":0.2742611765861511,"y":-0.15303772687911988,"z":0.6642457842826843},"rotation":{"x":0.227879598736763,"y":-0.33626919984817507,"z":0.08421693742275238,"w":0.909895122051239},"size":0.8660253882408142,"orthographic":false}