{"cameraMode":{"drawMode":0,"name":"Shaded","section":"Shading Mode"},"sceneLighting":false,"audioPlay":false,"sceneViewState":{"m_AlwaysRefresh":false,"showFog":true,"showSkybox":false,"showFlares":true,"showImageEffects":true,"showParticleSystems":true,"showVisualEffectGraphs":true,"m_FxEnabled":false},"in2DMode":false,"pivot":{"x":0.31950512528419497,"y":-0.45070433616638186,"z":0.4536530375480652},"rotation":{"x":-0.3246631622314453,"y":-0.3067128658294678,"z":0.11171822994947434,"w":-0.8878883719444275},"size":0.8660253882408142,"orthographic":false}