{"cameraMode":{"drawMode":0,"name":"Shaded","section":"Shading Mode"},"sceneLighting":false,"audioPlay":false,"sceneViewState":{"m_AlwaysRefresh":false,"showFog":true,"showSkybox":false,"showFlares":true,"showImageEffects":true,"showParticleSystems":true,"showVisualEffectGraphs":true,"m_FxEnabled":false},"in2DMode":false,"pivot":{"x":0.9463433027267456,"y":0.02440359629690647,"z":-0.14718811213970185},"rotation":{"x":-0.005525583866983652,"y":-0.9928216338157654,"z":0.05067779868841171,"w":-0.10823842138051987},"size":0.8660253882408142,"orthographic":false}