{"cameraMode":{"drawMode":0,"name":"Shaded","section":"Shading Mode"},"sceneLighting":false,"audioPlay":false,"sceneViewState":{"m_AlwaysRefresh":false,"showFog":true,"showSkybox":false,"showFlares":true,"showImageEffects":true,"showParticleSystems":true,"showVisualEffectGraphs":true,"m_FxEnabled":false},"in2DMode":false,"pivot":{"x":-0.3848741054534912,"y":0.23851364850997926,"z":-0.7938743829727173},"rotation":{"x":0.07926444709300995,"y":-0.7613450288772583,"z":0.09481370449066162,"w":0.636465311050415},"size":0.8660253882408142,"orthographic":false}