{"cameraMode":{"drawMode":0,"name":"Shaded","section":"Shading Mode"},"sceneLighting":false,"audioPlay":false,"sceneViewState":{"m_AlwaysRefresh":false,"showFog":true,"showSkybox":false,"showFlares":true,"showImageEffects":true,"showParticleSystems":true,"showVisualEffectGraphs":true,"m_FxEnabled":false},"in2DMode":false,"pivot":{"x":0.0628470927476883,"y":-0.1346815824508667,"z":0.20320366322994233},"rotation":{"x":0.06479392945766449,"y":0.8891149759292603,"z":-0.13301289081573487,"w":0.43311217427253725},"size":0.4784809648990631,"orthographic":false}