{"cameraMode":{"drawMode":0,"name":"Shaded","section":"Shading Mode"},"sceneLighting":false,"audioPlay":false,"sceneViewState":{"m_AlwaysRefresh":false,"showFog":true,"showSkybox":false,"showFlares":true,"showImageEffects":true,"showParticleSystems":true,"showVisualEffectGraphs":true,"m_FxEnabled":false},"in2DMode":false,"pivot":{"x":0.18667402863502503,"y":0.8594023585319519,"z":-4.575510501861572},"rotation":{"x":0.11988971382379532,"y":0.21956735849380494,"z":-0.02623269148170948,"w":0.9679872393608093},"size":0.6062177419662476,"orthographic":false}