{"cameraMode":{"drawMode":0,"name":"Shaded","section":"Shading Mode"},"sceneLighting":false,"audioPlay":false,"sceneViewState":{"m_AlwaysRefresh":false,"showFog":true,"showSkybox":false,"showFlares":true,"showImageEffects":true,"showParticleSystems":true,"showVisualEffectGraphs":true,"m_FxEnabled":false},"in2DMode":false,"pivot":{"x":-0.3266483545303345,"y":0.007088475860655308,"z":0.18494980037212373},"rotation":{"x":0.030957726761698724,"y":0.6714609265327454,"z":-0.027468495070934297,"w":0.7397617697715759},"size":0.36742353439331057,"orthographic":false}