{"cameraMode":{"drawMode":0,"name":"Shaded","section":"Shading Mode"},"sceneLighting":false,"audioPlay":false,"sceneViewState":{"m_AlwaysRefresh":false,"showFog":true,"showSkybox":false,"showFlares":true,"showImageEffects":true,"showParticleSystems":true,"showVisualEffectGraphs":true,"m_FxEnabled":false},"in2DMode":false,"pivot":{"x":3.5078160762786867,"y":1.1174770593643189,"z":0.9972262978553772},"rotation":{"x":-0.08374302089214325,"y":0.7952560782432556,"z":-0.11286148428916931,"w":-0.589789092540741},"size":0.06057945266366005,"orthographic":false}