{"cameraMode":{"drawMode":0,"name":"Shaded","section":"Shading Mode"},"sceneLighting":false,"audioPlay":false,"sceneViewState":{"m_AlwaysRefresh":false,"showFog":true,"showSkybox":false,"showFlares":true,"showImageEffects":true,"showParticleSystems":true,"showVisualEffectGraphs":true,"m_FxEnabled":false},"in2DMode":false,"pivot":{"x":1.4459761381149293,"y":4.575736045837402,"z":-0.19965381920337678},"rotation":{"x":0.37364810705184939,"y":-0.606905460357666,"z":0.38762912154197695,"w":0.5847160816192627},"size":0.07549302279949188,"orthographic":false}