{"cameraMode":{"drawMode":0,"name":"Shaded","section":"Shading Mode"},"sceneLighting":false,"audioPlay":false,"sceneViewState":{"m_AlwaysRefresh":false,"showFog":true,"showSkybox":false,"showFlares":true,"showImageEffects":true,"showParticleSystems":true,"showVisualEffectGraphs":true,"m_FxEnabled":false},"in2DMode":false,"pivot":{"x":-3.0451295375823976,"y":1.1466896533966065,"z":-7.623501300811768},"rotation":{"x":-0.0014856804627925158,"y":-0.16635705530643464,"z":0.0002998762938659638,"w":-0.9861171841621399},"size":0.37573376297950747,"orthographic":false}