{"cameraMode":{"drawMode":0,"name":"Shaded","section":"Shading Mode"},"sceneLighting":false,"audioPlay":false,"sceneViewState":{"m_AlwaysRefresh":false,"showFog":true,"showSkybox":false,"showFlares":true,"showImageEffects":true,"showParticleSystems":true,"showVisualEffectGraphs":true,"m_FxEnabled":false},"in2DMode":false,"pivot":{"x":0.45094841718673708,"y":0.8253132104873657,"z":-7.822881698608398},"rotation":{"x":0.2996973693370819,"y":-0.6088468432426453,"z":0.26633715629577639,"w":0.6846063733100891},"size":0.3749729096889496,"orthographic":false}