{"cameraMode":{"drawMode":0,"name":"Shaded","section":"Shading Mode"},"sceneLighting":false,"audioPlay":false,"sceneViewState":{"m_AlwaysRefresh":false,"showFog":true,"showSkybox":false,"showFlares":true,"showImageEffects":true,"showParticleSystems":true,"showVisualEffectGraphs":true,"m_FxEnabled":false},"in2DMode":false,"pivot":{"x":0.3295811712741852,"y":1.2583351135253907,"z":-7.671189785003662},"rotation":{"x":0.623610258102417,"y":-0.018308810889720918,"z":0.014466552995145321,"w":0.7814708948135376},"size":0.3749729096889496,"orthographic":false}