{"cameraMode":{"drawMode":0,"name":"Shaded","section":"Shading Mode"},"sceneLighting":false,"audioPlay":false,"sceneViewState":{"m_AlwaysRefresh":false,"showFog":true,"showSkybox":false,"showFlares":true,"showImageEffects":true,"showParticleSystems":true,"showVisualEffectGraphs":true,"m_FxEnabled":false},"in2DMode":false,"pivot":{"x":0.22557459771633149,"y":2.1685574054718019,"z":-7.463216781616211},"rotation":{"x":-0.011861955747008324,"y":-0.9169309735298157,"z":0.39799967408180239,"w":-0.02753334678709507},"size":0.6928202509880066,"orthographic":false}