{"cameraMode":{"drawMode":0,"name":"Shaded","section":"Shading Mode"},"sceneLighting":false,"audioPlay":false,"sceneViewState":{"m_AlwaysRefresh":false,"showFog":true,"showSkybox":false,"showFlares":true,"showImageEffects":true,"showParticleSystems":true,"showVisualEffectGraphs":true,"m_FxEnabled":false},"in2DMode":false,"pivot":{"x":-0.1086563691496849,"y":0.5011250376701355,"z":-8.419835090637207},"rotation":{"x":0.14182192087173463,"y":-0.056065429002046588,"z":0.007912270724773407,"w":0.9883387684822083},"size":0.37573376297950747,"orthographic":false}