{"cameraMode":{"drawMode":0,"name":"Shaded","section":"Shading Mode"},"sceneLighting":false,"audioPlay":false,"sceneViewState":{"m_AlwaysRefresh":false,"showFog":true,"showSkybox":false,"showFlares":true,"showImageEffects":true,"showParticleSystems":true,"showVisualEffectGraphs":true,"m_FxEnabled":false},"in2DMode":false,"pivot":{"x":0.20932704210281373,"y":0.9440088868141174,"z":-8.586326599121094},"rotation":{"x":-0.4506129026412964,"y":0.20502549409866334,"z":-0.10701119899749756,"w":-0.8622992634773254},"size":0.37573376297950747,"orthographic":false}